{"cameraMode":{"drawMode":0,"name":"Shaded","section":"Shading Mode"},"sceneLighting":true,"audioPlay":false,"sceneViewState":{"m_AlwaysRefresh":false,"showFog":true,"showSkybox":true,"showFlares":true,"showImageEffects":true,"showParticleSystems":true,"showVisualEffectGraphs":true,"m_FxEnabled":true},"in2DMode":false,"pivot":{"x":352.8588562011719,"y":16.37212371826172,"z":1533.0106201171875},"rotation":{"x":-0.017225677147507669,"y":0.9864011406898499,"z":-0.09414884448051453,"w":-0.13892750442028047},"size":0.8660253882408142,"orthographic":false}