{"cameraMode":{"drawMode":0,"name":"Shaded","section":"Shading Mode"},"sceneLighting":true,"audioPlay":false,"sceneViewState":{"m_AlwaysRefresh":false,"showFog":true,"showSkybox":true,"showFlares":true,"showImageEffects":true,"showParticleSystems":true,"showVisualEffectGraphs":true,"m_FxEnabled":true},"in2DMode":false,"pivot":{"x":545.8153076171875,"y":-158.60470581054688,"z":685.2206420898438},"rotation":{"x":-0.0053429934196174149,"y":0.9922024607658386,"z":-0.11622796207666397,"w":0.06418238580226898},"size":390.02178955078127,"orthographic":false}